<?xml version="1.0" encoding="utf-8"?>
<extension version="2.5" type="plugin" group="content" method="upgrade">
    <name>Simple Image Gallery Fork</name>
    <author>Andreas Kar</author>
    <authorEmail>andreas.kar@gmx.at</authorEmail>
    <copyright>Copyright © 2020 Andreas Kar. All rights reserved.</copyright>
    <creationDate>27.01.2020</creationDate>
    <license>https://www.gnu.org/licenses/gpl.html GNU/GPL</license>
    <version>4.2.0</version>
    <description>PLG_SIGF_XML_DESC</description>
    <!-- Parameters -->
    <config>
        <fields name="params">
            <fieldset name="basic">
                <field type="spacer" name="main_spacer" label="PLG_SIGF_SPACER_MAIN" />
                <field name="show_copyright" type="list" default="on" label="PLG_SIGF_SHOW_COPYRIGHT" description="PLG_SIGF_SHOW_COPYRIGHT_DESC">
                    <option value="on">PLG_SIGF_SHOW_COPYRIGHT_OPT_ON</option>
                    <option value="off">PLG_SIGF_SHOW_COPYRIGHT_OPT_OFF</option>
                </field>
                <field name="mootools" type="list" default="on" label="PLG_SIGF_MOOTOOLS" description="PLG_SIGF_MOOTOOLS_DESC">
                    <option value="on">PLG_SIGF_MOOTOOLS_OPT_ON</option>
                    <option value="off">PLG_SIGF_MOOTOOLS_OPT_OFF</option>
                </field>
                <field name="galleries_rootfolder" type="text" default="images" label="PLG_SIGF_ROOTFOLDER" description="PLG_SIGF_ROOTFOLDER_DESC" />
                <field type="spacer" name="thumbnail_spacer" label="PLG_SIGF_SPACER_THUMBNAILS" />
                <field name="thb_width" type="text" default="360" size="3" label="PLG_SIGF_TW" description="PLG_SIGF_TW_DESC" />
                <field name="thb_height" type="text" default="240" size="3" label="PLG_SIGF_TH" description="PLG_SIGF_TH_DESC" />
                <field name="jpg_quality" type="text" default="90" size="3" label="PLG_SIGF_TQ" description="PLG_SIGF_TQ_DESC" />
                <field name="cache_expire_time" type="text" default="86400" size="3" label="PLG_SIGF_TCEXP" description="PLG_SIGF_TCEXP_DESC" />
                <field name="memoryLimit" type="text" default="" size="3" label="PLG_SIGF_ML" description="PLG_SIGF_ML_DESC" />
            </fieldset>
            <fieldset name="fancybox" label="PLG_SIGF_TAB_FB">
                <field type="spacer" name="fancybox_general_spacer" label="PLG_SIGF_SPACER_FB_GENERAL" />
                <field name="fancybox_cdn" type="list" default="on" label="PLG_SIGF_FB_CDN" description="PLG_SIGF_FB_CDN_DESC">
                    <option value="on">PLG_SIGF_FB_CDN_OPT_ON</option>
                    <option value="off">PLG_SIGF_FB_CDN_OPT_OFF</option>
                </field>
                <field name="fancybox_version" type="text" hint="3.5.7" default="3.5.7" label="PLG_SIGF_FB_VERSION" description="PLG_SIGF_FB_VERSION_DESC" />
                <field name="fancybox_image_target" type="list" default="_blank" label="PLG_SIGF_FB_IMAGE_TARGET" description="PLG_SIGF_FB_IMAGE_TARGET_DESC">
                    <option value="_self">PLG_SIGF_FB_IMAGE_TARGET_OPT_SELF</option>
                    <option value="_blank">PLG_SIGF_FB_IMAGE_TARGET_OPT_BLANK</option>
                    <option value="_parent">PLG_SIGF_FB_IMAGE_TARGET_OPT_PARENT</option>
                    <option value="_top">PLG_SIGF_FB_IMAGE_TARGET_OPT_TOP</option>
                </field>
                <field type="spacer" name="fancybox_appearance" label="PLG_SIGF_SPACER_FB_APPEARANCE" />
                <field name="fancybox_color_mode" type="list" default="black-mode" label="PLG_SIGF_FB_COLOR_MODE" description="PLG_SIGF_FB_COLOR_MODE">
                    <option value="black-mode">PLG_SIGF_FB_COLOR_MODE_OPT_BLACK</option>
                    <option value="white-mode">PLG_SIGF_FB_COLOR_MODE_OPT_WHITE</option>
                    <option value="gray-mode">PLG_SIGF_FB_COLOR_MODE_OPT_GRAY</option>
                </field>
                <field name="fancybox_icon_mode" type="list" default="default" label="PLG_SIGF_FB_ICON_MODE" description="PLG_SIGF_FB_ICON_MODE_DESC">
                    <option value="default">PLG_SIGF_FB_ICON_MODE_OPT_DEFAULT</option>
                    <option value="symbol-green">PLG_SIGF_FB_ICON_MODE_OPT_GREEN</option>
                    <option value="symbol-red">PLG_SIGF_FB_ICON_MODE_OPT_RED</option>
                    <option value="symbol-blue">PLG_SIGF_FB_ICON_MODE_OPT_BLUE</option>
                    <option value="symbol-violet">PLG_SIGF_FB_ICON_MODE_OPT_VIOLET</option>
                    <option value="symbol-orange">PLG_SIGF_FB_ICON_MODE_OPT_ORANGE</option>
                </field>
                <field name="fancybox_text_mode" type="list" default="default" label="PLG_SIGF_FB_TEXT_MODE" description="PLG_SIGF_FB_ICON_TEXT_DESC">
                    <option value="default">PLG_SIGF_FB_TEXT_MODE_OPT_DEFAULT</option>
                    <option value="text-green">PLG_SIGF_FB_TEXT_MODE_OPT_GREEN</option>
                    <option value="text-red">PLG_SIGF_FB_TEXT_MODE_OPT_RED</option>
                    <option value="text-blue">PLG_SIGF_FB_TEXT_MODE_OPT_BLUE</option>
                    <option value="text-violet">PLG_SIGF_FB_TEXT_MODE_OPT_VIOLET</option>
                    <option value="text-orange">PLG_SIGF_FB_TEXT_MODE_OPT_ORANGE</option>
                </field>
                <field name="fancybox_thumbnail_border" type="list" default="default" label="PLG_SIGF_FB_THUMBNAIL_BORDER" description="PLG_SIGF_FB_THUMBNAIL_BORDER_DESC">
                    <option value="default">PLG_SIGF_FB_THUMBNAIL_BORDER_OPT_DEFAULT</option>
                    <option value="border-green">PLG_SIGF_FB_THUMBNAIL_BORDER_OPT_GREEN</option>
                    <option value="border-red">PLG_SIGF_FB_THUMBNAIL_BORDER_OPT_RED</option>
                    <option value="border-blue">PLG_SIGF_FB_THUMBNAIL_BORDER_OPT_BLUE</option>
                    <option value="border-violet">PLG_SIGF_FB_THUMBNAIL_BORDER_OPT_VIOLET</option>
                    <option value="border-orange">PLG_SIGF_FB_THUMBNAIL_BORDER_OPT_ORANGE</option>
                    <option value="border-white">PLG_SIGF_FB_THUMBNAIL_BORDER_OPT_WHITE</option>
                    <option value="border-black">PLG_SIGF_FB_THUMBNAIL_BORDER_OPT_BLACK</option>
                    <option value="border-gray1">PLG_SIGF_FB_THUMBNAIL_BORDER_OPT_GRAY1</option>
                    <option value="border-gray2">PLG_SIGF_FB_THUMBNAIL_BORDER_OPT_GRAY2</option>
                    <option value="border-gray3">PLG_SIGF_FB_THUMBNAIL_BORDER_OPT_GRAY3</option>
                    <option value="border-gray4">PLG_SIGF_FB_THUMBNAIL_BORDER_OPT_GRAY4</option>
                </field>
                <field name="fancybox_gutter" type="text" hint="50" default="50" label="PLG_SIGF_FB_GUTTER" description="PLG_SIGF_FB_GUTTER_DESC" />
                <field type="spacer" name="fancybox_navigation" label="PLG_SIGF_SPACER_FB_NAVIGATION" />
                <field name="fancybox_loop_gallery" type="list" default="off" label="PLG_SIGF_FB_LOOP_GALLERY" description="PLG_SIGF_FB_LOOP_GALLERY_DESC">
                    <option value="on">PLG_SIGF_FB_LOOP_GALLERY_OPT_ON</option>
                    <option value="off">PLG_SIGF_FB_LOOP_GALLERY_OPT_OFF</option>
                </field>
                <field name="fancybox_keyboard_navigation" type="list" default="on" label="PLG_SIGF_FB_KEYBOARD_NAVIGATION" description="PLG_SIGF_FB_KEYBOARD_NAVIGATION_DESC">
                    <option value="on">PLG_SIGF_FB_KEYBOARD_NAVIGATION_OPT_ON</option>
                    <option value="off">PLG_SIGF_FB_KEYBOARD_NAVIGATION_OPT_OFF</option>
                </field>
                <field name="fancybox_mousewheel_navigation" type="list" default="on" label="PLG_SIGF_FB_MOUSEWHEEL_NAVIGATION" description="PLG_SIGF_FB_MOUSEWHEEL_NAVIGATION_DESC">
                    <option value="on">PLG_SIGF_FB_MOUSEWHEEL_NAVIGATION_OPT_ON</option>
                    <option value="off">PLG_SIGF_FB_MOUSEWHEEL_NAVIGATION_OPT_OFF</option>
                </field>
                <field type="spacer" name="fancybox_animation_spacer" label="PLG_SIGF_SPACER_FB_ANIMATION" />
                <field name="fancybox_animation_effect" type="list" default="zoom" label="PLG_SIGF_FB_ANIMATION_EFFECT" description="PLG_SIGF_FB_ANIMATION_EFFECT_DESC">
                    <option value="false">PLG_SIGF_FB_ANIMATION_EFFECT_DISABLE</option>
                    <option value="zoom">PLG_SIGF_FB_ANIMATION_EFFECT_ZOOM</option>
                    <option value="fade">PLG_SIGF_FB_ANIMATION_EFFECT_FADE</option>
                    <option value="zoom-in-out">PLG_SIGF_FB_ANIMATION_EFFECT_ZOOM_IN_OUT</option>
                </field>
                <field name="fancybox_animation_duration" type="text" hint="366" default="366" label="PLG_SIGF_FB_ANIMATION_DURATION" description="PLG_SIGF_FB_ANIMATION_DURATION_DESC" />
                <field name="fancybox_transition_effect" type="list" default="fade" label="PLG_SIGF_FB_TRANSITION_EFFECT" description="PLG_SIGF_FB_TRANSITION_EFFECT_DESC">
                    <option value="false">PLG_SIGF_FB_TRANSITION_EFFECT_FALSE</option>
                    <option value="fade">PLG_SIGF_FB_TRANSITION_EFFECT_FADE</option>
                    <option value="slide">PLG_SIGF_FB_TRANSITION_EFFECT_SLIDE</option>
                    <option value="circular">PLG_SIGF_FB_TRANSITION_EFFECT_CIRCULAR</option>
                    <option value="tube">PLG_SIGF_FB_TRANSITION_EFFECT_TUBE</option>
                    <option value="zoom-in-out">PLG_SIGF_FB_TRANSITION_EFFECT_ZOOM_IN_OUT</option>
                    <option value="rotate">PLG_SIGF_FB_TRANSITION_EFFECT_ROTATE</option>
                </field>
                <field name="fancybox_transition_duration" type="text" hint="366" default="366" label="PLG_SIGF_FB_TRANSITION_DURATION" description="PLG_SIGF_FB_TRANSITION_DURATION_DESC" />
                <field type="spacer" name="fancybox_thumbnails" label="PLG_SIGF_SPACER_FB_THUMBNAILS" />
                <field name="fancybox_thumbnail_autostart" type="list" default="off" label="PLG_SIGF_FB_THUMBNAIL_AUTO" description="PLG_SIGF_FB_THUMBNAIL_AUTO_DESC">
                    <option value="on">PLG_SIGF_FB_THUMBNAIL_AUTO_OPT_ON</option>
                    <option value="off">PLG_SIGF_FB_THUMBNAIL_AUTO_OPT_OFF</option>
                </field>
                <field name="fancybox_thumbnail_hide_close" type="list" default="on" label="PLG_SIGF_FB_THUMBNAIL_HIDE_CLOSE" description="PLG_SIGF_FB_THUMBNAIL_HIDE_CLOSE_DESC">
                    <option value="on">PLG_SIGF_FB_THUMBNAIL_HIDE_CLOSE_OPT_ON</option>
                    <option value="off">PLG_SIGF_FB_THUMBNAIL_HIDE_CLOSE_OPT_OFF</option>
                </field>
                <field name="fancybox_thumbnail_axis" type="list" default="y" label="PLG_SIGF_FB_THUMBNAIL_AXIS" description="PLG_SIGF_FB_THUMBNAIL_AXIS_DESC">
                    <option value="x">PLG_SIGF_FB_THUMBNAIL_AXIS_OPT_X</option>
                    <option value="y">PLG_SIGF_FB_THUMBNAIL_AXIS_OPT_Y</option>
                </field>
                <field type="spacer" name="fancybox_behavior" label="PLG_SIGF_SPACER_FB_BEHAVIOR" />
                <field name="fancybox_auto_fullscreen" type="list" default="off" label="PLG_SIGF_FB_AUTO_FULLSCREEN" description="PLG_SIGF_FB_AUTO_FULLSCREEN_DESC">
                    <option value="on">PLG_SIGF_FB_AUTO_FULLSCREEN_OPT_ON</option>
                    <option value="off">PLG_SIGF_FB_AUTO_FULLSCREEN_OPT_OFF</option>
                </field>
                <field name="fancybox_auto_slideshow" type="list" default="off" label="PLG_SIGF_FB_AUTO_SLIDESHOW" description="PLG_SIGF_FB_AUTO_SLIDESHOW_DESC">
                    <option value="on">PLG_SIGF_FB_AUTO_SLIDESHOW_OPT_ON</option>
                    <option value="off">PLG_SIGF_FB_AUTO_SLIDESHOW_OFF</option>
                </field>
                <field name="fancybox_slideshow_speed" type="text" hint="3000" default="3000" label="PLG_SIGF_FB_SLIDESHOW_SPEED" description="PLG_SIGF_FB_SLIDESHOW_SPEED_DESC" />
                <field name="fancybox_idle_time" type="text" hint="3" default="3" label="PLG_SIGF_FB_IDLE_TIME" description="PLG_SIGF_FB_IDLE_TIME_DESC" />
                <field name="fancybox_image_protect" type="list" default="off" label="PLG_SIGF_FB_IMAGE_PROTECT" description="PLG_SIGF_FB_IMAGE_PROTECT_DESC">
                    <option value="on">PLG_SIGF_FB_IMAGE_PROTECT_OPT_ON</option>
                    <option value="off">PLG_SIGF_FB_IMAGE_PROTECT_OPT_OFF</option>
                </field>
                <field name="fancybox_click_content" type="list" default="zoom" label="PLG_SIGF_FB_CLICK_CONTENT" description="PLG_SIGF_FB_CLICK_CONTENT_DESC">
                    <option value="false">PLG_SIGF_FB_CLICK_CONTENT_OPT_NOTHING</option>
                    <option value="close">PLG_SIGF_FB_CLICK_CONTENT_OPT_CLOSE</option>
                    <option value="next">PLG_SIGF_FB_CLICK_CONTENT_OPT_NEXT</option>
                    <option value="nextOrClose">PLG_SIGF_FB_CLICK_CONTENT_OPT_NEXT_OR_CLOSE</option>
                    <option value="toggleControls">PLG_SIGF_FB_CLICK_CONTENT_OPT_TOGGLE_CONTROLS</option>
                    <option value="zoom">PLG_SIGF_FB_CLICK_CONTENT_OPT_ZOOM</option>
                </field>
                <field name="fancybox_click_slide" type="list" default="close" label="PLG_SIGF_FB_CLICK_SLIDE" description="PLG_SIGF_FB_CLICK_SLIDE_DESC">
                    <option value="false">PLG_SIGF_FB_CLICK_SLIDE_OPT_NOTHING</option>
                    <option value="close">PLG_SIGF_FB_CLICK_SLIDE_OPT_CLOSE</option>
                    <option value="next">PLG_SIGF_FB_CLICK_SLIDE_OPT_NEXT</option>
                    <option value="nextOrClose">PLG_SIGF_FB_CLICK_SLIDE_OPT_NEXT_OR_CLOSE</option>
                    <option value="toggleControls">PLG_SIGF_FB_CLICK_SLIDE_OPT_TOGGLE_CONTROLS</option>
                    <option value="zoom">PLG_SIGF_FB_CLICK_SLIDE_OPT_ZOOM</option>
                </field>
                <field name="fancybox_click_outside" type="list" default="close" label="PLG_SIGF_FB_CLICK_OUTSIDE" description="PLG_SIGF_FB_CLICK_OUTSIDE_DESC">
                    <option value="false">PLG_SIGF_FB_CLICK_OUTSIDE_OPT_NOTHING</option>
                    <option value="close">PLG_SIGF_FB_CLICK_OUTSIDE_OPT_CLOSE</option>
                    <option value="next">PLG_SIGF_FB_CLICK_OUTSIDE_OPT_NEXT</option>
                    <option value="nextOrClose">PLG_SIGF_FB_CLICK_OUTSIDE_OPT_NEXT_OR_CLOSE</option>
                    <option value="toggleControls">PLG_SIGF_FB_CLICK_OUTSIDE_OPT_TOGGLE_CONTROLS</option>
                    <option value="zoom">PLG_SIGF_FB_CLICK_OUTSIDE_OPT_ZOOM</option>
                </field>
                <field name="fancybox_dblclick_content" type="list" default="false" label="PLG_SIGF_FB_DBLCLICK_CONTENT" description="PLG_SIGF_FB_DBLCLICK_CONTENT_DESC">
                    <option value="false">PLG_SIGF_FB_DBLCLICK_CONTENT_OPT_NOTHING</option>
                    <option value="close">PLG_SIGF_FB_DBLCLICK_CONTENT_OPT_CLOSE</option>
                    <option value="next">PLG_SIGF_FB_DBLCLICK_CONTENT_OPT_NEXT</option>
                    <option value="nextOrClose">PLG_SIGF_FB_DBLCLICK_CONTENT_OPT_NEXT_OR_CLOSE</option>
                    <option value="toggleControls">PLG_SIGF_FB_DBLCLICK_CONTENT_OPT_TOGGLE_CONTROLS</option>
                    <option value="zoom">PLG_SIGF_FB_DBLCLICK_CONTENT_OPT_ZOOM</option>
                </field>
                <field name="fancybox_dblclick_slide" type="list" default="false" label="PLG_SIGF_FB_DBLCLICK_SLIDE" description="PLG_SIGF_FB_DBLCLICK_SLIDE_DESC">
                    <option value="false">PLG_SIGF_FB_DBLCLICK_SLIDE_OPT_NOTHING</option>
                    <option value="close">PLG_SIGF_FB_DBLCLICK_SLIDE_OPT_CLOSE</option>
                    <option value="next">PLG_SIGF_FB_DBLCLICK_SLIDE_OPT_NEXT</option>
                    <option value="nextOrClose">PLG_SIGF_FB_DBLCLICK_SLIDE_OPT_NEXT_OR_CLOSE</option>
                    <option value="toggleControls">PLG_SIGF_FB_DBLCLICK_SLIDE_OPT_TOGGLE_CONTROLS</option>
                    <option value="zoom">PLG_SIGF_FB_DBLCLICK_SLIDE_OPT_ZOOM</option>
                </field>
                <field name="fancybox_dblclick_outside" type="list" default="false" label="PLG_SIGF_FB_DBLCLICK_OUTSIDE" description="PLG_SIGF_FB_DBLCLICK_OUTSIDE_DESC">
                    <option value="false">PLG_SIGF_FB_DBLCLICK_OUTSIDE_OPT_NOTHING</option>
                    <option value="close">PLG_SIGF_FB_DBLCLICK_OUTSIDE_OPT_CLOSE</option>
                    <option value="next">PLG_SIGF_FB_DBLCLICK_OUTSIDE_OPT_NEXT</option>
                    <option value="nextOrClose">PLG_SIGF_FB_DBLCLICK_OUTSIDE_OPT_NEXT_OR_CLOSE</option>
                    <option value="toggleControls">PLG_SIGF_FB_DBLCLICK_OUTSIDE_OPT_TOGGLE_CONTROLS</option>
                    <option value="zoom">PLG_SIGF_FB_DBLCLICK_OUTSIDE_OPT_ZOOM</option>
                </field>
                <field type="spacer" name="fancybox_mobile" label="PLG_SIGF_SPACER_FB_MOBILE" />
                <field name="fancybox_touch" type="list" default="on" label="PLG_SIGF_FB_TOUCH" description="PLG_SIGF_FB_TOUCH_DESC">
                    <option value="on">PLG_SIGF_FB_TOUCH_OPT_ON</option>
                    <option value="off">PLG_SIGF_FB_TOUCH_OPT_OFF</option>
                </field>
                <field name="fancybox_touch_vertical" type="list" default="on" label="PLG_SIGF_FB_TOUCH_VERTICAL" description="PLG_SIGF_FB_TOUCH_VERTICAL_DESC">
                    <option value="on">PLG_SIGF_FB_TOUCH_VERTICAL_OPT_ON</option>
                    <option value="off">PLG_SIGF_FB_TOUCH_VERTICAL_OPT_OFF</option>
                </field>
                <field name="fancybox_touch_momentum" type="list" default="on" label="PLG_SIGF_FB_TOUCH_MOMENTUM" description="PLG_SIGF_FB_TOUCH_MOMENTUM_DESC">
                    <option value="on">PLG_SIGF_FB_TOUCH_MOMENTUM_OPT_ON</option>
                    <option value="off">PLG_SIGF_FB_TOUCH_MOMENTUM_OPT_OFF</option>
                </field>
                <field name="fancybox_mobile_idle_time" type="list" default="off" label="PLG_SIGF_FB_MOBILE_IDLE_TIME" description="PLG_SIGF_FB_MOBILE_IDLE_TIME_DESC">
                    <option value="on">PLG_SIGF_FB_MOBILE_IDLE_TIME_OPT_ON</option>
                    <option value="off">PLG_SIGF_FB_MOBILE_IDLE_TIME_OPT_OFF</option>
                </field>
                <field name="fancybox_mobile_click_content" type="list" default="toggleControls" label="PLG_SIGF_FB_MOBILE_CLICK_CONTENT" description="PLG_SIGF_FB_MOBILE_CLICK_CONTENT_DESC">
                    <option value="false">PLG_SIGF_FB_MOBILE_CLICK_CONTENT_OPT_NOTHING</option>
                    <option value="close">PLG_SIGF_FB_MOBILE_CLICK_CONTENT_OPT_CLOSE</option>
                    <option value="next">PLG_SIGF_FB_MOBILE_CLICK_CONTENT_OPT_NEXT</option>
                    <option value="nextOrClose">PLG_SIGF_FB_MOBILE_CLICK_CONTENT_OPT_NEXT_OR_CLOSE</option>
                    <option value="toggleControls">PLG_SIGF_FB_MOBILE_CLICK_CONTENT_OPT_TOGGLE_CONTROLS</option>
                    <option value="zoom">PLG_SIGF_FB_MOBILE_CLICK_CONTENT_OPT_ZOOM</option>
                </field>
                <field name="fancybox_mobile_click_slide" type="list" default="toggleControls" label="PLG_SIGF_FB_MOBILE_CLICK_SLIDE" description="PLG_SIGF_FB_MOBILE_CLICK_SLIDE_DESC">
                    <option value="false">PLG_SIGF_FB_MOBILE_CLICK_SLIDE_OPT_NOTHING</option>
                    <option value="close">PLG_SIGF_FB_MOBILE_CLICK_SLIDE_OPT_CLOSE</option>
                    <option value="next">PLG_SIGF_FB_MOBILE_CLICK_SLIDE_OPT_NEXT</option>
                    <option value="nextOrClose">PLG_SIGF_FB_MOBILE_CLICK_SLIDE_OPT_NEXT_OR_CLOSE</option>
                    <option value="toggleControls">PLG_SIGF_FB_MOBILE_CLICK_SLIDE_OPT_TOGGLE_CONTROLS</option>
                    <option value="zoom">PLG_SIGF_FB_MOBILE_CLICK_SLIDE_OPT_ZOOM</option>
                </field>
                <field name="fancybox_mobile_dblclick_content" type="list" default="zoom" label="PLG_SIGF_FB_MOBILE_DBLCLICK_CONTENT" description="PLG_SIGF_FB_MOBILE_DBLCLICK_CONTENT_DESC">
                    <option value="false">PLG_SIGF_FB_MOBILE_DBLCLICK_CONTENT_OPT_NOTHING</option>
                    <option value="close">PLG_SIGF_FB_MOBILE_DBLCLICK_CONTENT_OPT_CLOSE</option>
                    <option value="next">PLG_SIGF_FB_MOBILE_DBLCLICK_CONTENT_OPT_NEXT</option>
                    <option value="nextOrClose">PLG_SIGF_FB_MOBILE_DBLCLICK_CONTENT_OPT_NEXT_OR_CLOSE</option>
                    <option value="toggleControls">PLG_SIGF_FB_MOBILE_DBLCLICK_CONTENT_OPT_TOGGLE_CONTROLS</option>
                    <option value="zoom">PLG_SIGF_FB_MOBILE_DBLCLICK_CONTENT_OPT_ZOOM</option>
                </field>
                <field name="fancybox_mobile_dblclick_slide" type="list" default="zoom" label="PLG_SIGF_FB_MOBILE_DBLCLICK_SLIDE" description="PLG_SIGF_FB_MOBILE_DBLCLICK_SLIDE_DESC">
                    <option value="false">PLG_SIGF_FB_MOBILE_DBLCLICK_SLIDE_OPT_NOTHING</option>
                    <option value="close">PLG_SIGF_FB_MOBILE_DBLCLICK_SLIDE_OPT_CLOSE</option>
                    <option value="next">PLG_SIGF_FB_MOBILE_DBLCLICK_SLIDE_OPT_NEXT</option>
                    <option value="nextOrClose">PLG_SIGF_FB_MOBILE_DBLCLICK_SLIDE_OPT_NEXT_OR_CLOSE</option>
                    <option value="toggleControls">PLG_SIGF_FB_MOBILE_DBLCLICK_SLIDE_OPT_TOGGLE_CONTROLS</option>
                    <option value="zoom">PLG_SIGF_FB_MOBILE_DBLCLICK_SLIDE_OPT_ZOOM</option>
                </field>
                <field type="spacer" name="fancybox_element_spacer" label="PLG_SIGF_SPACER_FB_ELEMENTS" />
                <field name="fancybox_counter" type="list" default="on" label="PLG_SIGF_FB_COUNTER" description="PLG_SIGF_FB_COUNTER_DESC">
                    <option value="on">PLG_SIGF_FB_COUNTER_OPT_ON</option>
                    <option value="off">PLG_SIGF_FB_COUNTER_OPT_OFF</option>
                </field>
                <field name="fancybox_button_arrows" type="list" default="on" label="PLG_SIGF_FB_BUTTON_ARROWS" description="PLG_SIGF_FB_BUTTON_ARROWS_DESC">
                    <option value="on">PLG_SIGF_FB_BUTTON_ARROWS_OPT_ON</option>
                    <option value="off">PLG_SIGF_FB_BUTTON_ARROWS_OPT_OFF</option>
                </field>
                <field name="fancybox_button_slideshow" type="list" default="on" label="PLG_SIGF_FB_BUTTON_SLIDESHOW" description="PLG_SIGF_FB_BUTTON_SLIDESHOW_DESC">
                    <option value="on">PLG_SIGF_FB_BUTTON_SLIDESHOW_OPT_ON</option>
                    <option value="off">PLG_SIGF_FB_BUTTON_SLIDESHOW_OPT_OFF</option>
                </field>
                <field name="fancybox_button_fullscreen" type="list" default="on" label="PLG_SIGF_FB_BUTTON_FULLSCREEN" description="PLG_SIGF_FB_BUTTON_FULLSCREEN_DESC">
                    <option value="on">PLG_SIGF_FB_BUTTON_FULLSCREEN_OPT_ON</option>
                    <option value="off">PLG_SIGF_FB_BUTTON_FULLSCREEN_OPT_OFF</option>
                </field>
                <field name="fancybox_button_thumbs" type="list" default="on" label="PLG_SIGF_FB_BUTTON_THUMBS" description="PLG_SIGF_FB_BUTTON_THUMBS_DESC">
                    <option value="on">PLG_SIGF_FB_BUTTON_THUMBS_OPT_ON</option>
                    <option value="off">PLG_SIGF_FB_BUTTON_THUMBS_OPT_OFF</option>
                </field>
                <field name="fancybox_button_share" type="list" default="on" label="PLG_SIGF_FB_BUTTON_SHARE" description="PLG_SIGF_FB_BUTTON_SHARE_DESC">
                    <option value="on">PLG_SIGF_FB_BUTTON_SHARE_OPT_ON</option>
                    <option value="off">PLG_SIGF_FB_BUTTON_SHARE_OPT_OFF</option>
                </field>
                <field name="fancybox_button_download" type="list" default="on" label="PLG_SIGF_FB_BUTTON_DOWNLOAD" description="PLG_SIGF_FB_BUTTON_DOWNLOAD_DESC">
                    <option value="on">PLG_SIGF_FB_BUTTON_DOWNLOAD_OPT_ON</option>
                    <option value="off">PLG_SIGF_FB_BUTTON_DOWNLOAD_OPT_OFF</option>
                </field>
                <field name="fancybox_button_zoom" type="list" default="off" label="PLG_SIGF_FB_BUTTON_ZOOM" description="PLG_SIGF_FB_BUTTON_ZOOM_DESC">
                    <option value="on">PLG_SIGF_FB_BUTTON_ZOOM_OPT_ON</option>
                    <option value="off">PLG_SIGF_FB_BUTTON_ZOOM_OPT_OFF</option>
                </field>
                <field name="fancybox_button_close" type="list" default="on" label="PLG_SIGF_FB_BUTTON_CLOSE" description="PLG_SIGF_FB_BUTTON_CLOSE_DESC">
                    <option value="on">PLG_SIGF_FB_BUTTON_CLOSE_OPT_ON</option>
                    <option value="off">PLG_SIGF_FB_BUTTON_CLOSE_OPT_OFF</option>
                </field>
                <field name="fancybox_caption_image" type="list" default="on" label="PLG_SIGF_FB_CAPTION_IMAGE" description="PLG_SIGF_FB_CAPTION_IMAGE_DESC">
                    <option value="on">PLG_SIGF_FB_CAPTION_IMAGE_OPT_ON</option>
                    <option value="off">PLG_SIGF_FB_CAPTION_IMAGE_OPT_OFF</option>
                </field>
                <field name="fancybox_caption_counter" type="list" default="on" label="PLG_SIGF_FB_CAPTION_COUNTER" description="PLG_SIGF_FB_CAPTION_COUNTER_DESC">
                    <option value="on">PLG_SIGF_FB_CAPTION_COUNTER_OPT_ON</option>
                    <option value="off">PLG_SIGF_FB_CAPTION_COUNTER_OPT_OFF</option>
                </field>
                <field name="fancybox_caption_text" type="list" default="on" label="PLG_SIGF_FB_CAPTION_TEXT" description="PLG_SIGF_FB_CAPTION_TEXT_DESC">
                    <option value="on">PLG_SIGF_FB_CAPTION_TEXT_OPT_ON</option>
                    <option value="off">PLG_SIGF_FB_CAPTION_TEXT_OPT_OFF</option>
                </field>
                <field name="fancybox_caption_image_name" type="list" default="on" label="PLG_SIGF_FB_CAPTION_IMAGE_NAME" description="PLG_SIGF_FB_CAPTION_IMAGE_NAME_DESC">
                    <option value="on">PLG_SIGF_FB_CAPTION_IMAGE_NAME_OPT_ON</option>
                    <option value="off">PLG_SIGF_FB_CAPTION_IMAGE_NAME_OPT_OFF</option>
                </field>
                <field type="spacer" name="fancybox_language_spacer" label="PLG_SIGF_SPACER_FB_LABELING" />
                <field name="fancybox_language" type="list" default="default" label="PLG_SIGF_FB_LANG" description="PLG_SIGF_FB_LANG_DESC">
                    <option value="default">PLG_SIGF_FB_LANG_OPT_DEFAULT</option>
                    <option value="customize">PLG_SIGF_FB_LANG_OPT_XX</option>
                </field>
                <field name="fancybox_close" type="text" default="" hint="PLG_SIGF_FB_CLOSE" label="PLG_SIGF_FB_LANG_CLOSE" description="PLG_SIGF_FB_LANG_CLOSE_DESC" />
                <field name="fancybox_next" type="text" default="" hint="PLG_SIGF_FB_NEXT" label="PLG_SIGF_FB_LANG_NEXT" description="PLG_SIGF_FB_LANG_NEXT_DESC" />
                <field name="fancybox_prev" type="text" default="" hint="PLG_SIGF_FB_PREVIOUS" label="PLG_SIGF_FB_LANG_PREV" description="PLG_SIGF_FB_LANG_PREV_DESC" />
                <field name="fancybox_error" type="text" default="" hint="PLG_SIGF_FB_REQUEST_CANNOT_BE_LOADED" label="PLG_SIGF_FB_LANG_ERROR" description="PLG_SIGF_FB_LANG_ERROR_DESC" />
                <field name="fancybox_play_start" type="text" default="" hint="PLG_SIGF_FB_START_SLIDESHOW" label="PLG_SIGF_FB_LANG_PLAY_START" description="PLG_SIGF_FB_LANG_PLAY_START_DESC" />
                <field name="fancybox_play_stop" type="text" default="" hint="PLG_SIGF_FB_PAUSE_SLIDESHOW" label="PLG_SIGF_FB_LANG_PLAY_STOP" description="PLG_SIGF_FB_LANG_PLAY_STOP_DESC" />
                <field name="fancybox_full_screen" type="text" default="" hint="PLG_SIGF_FB_FULL_SCREEN" label="PLG_SIGF_FB_LANG_FULL_SCREEN" description="PLG_SIGF_FB_LANG_FULL_SCREEN_DESC" />
                <field name="fancybox_thumbs" type="text" default="" hint="PLG_SIGF_FB_THUMBS" label="PLG_SIGF_FB_LANG_THUMBS" description="PLG_SIGF_FB_LANG_THUMBS_DESC" />
                <field name="fancybox_download" type="text" default="" hint="PLG_SIGF_FB_DOWNLOAD" label="PLG_SIGF_FB_LANG_DOWNLOAD" description="PLG_SIGF_FB_LANG_DOWNLOAD_DESC" />
                <field name="fancybox_share" type="text" default="" hint="PLG_SIGF_FB_SHARE" label="PLG_SIGF_FB_LANG_SHARE" description="PLG_SIGF_FB_LANG_SHARE_DESC" />
                <field name="fancybox_zoom" type="text" default="" hint="PLG_SIGF_FB_ZOOM" label="PLG_SIGF_FB_LANG_ZOOM" description="PLG_SIGF_FB_LANG_ZOOM_DESC" />
                <field name="fancybox_enlarge" type="text" default="" hint="PLG_SIGF_CLICK_TO_ENLARGE_IMAGE" label="PLG_SIGF_FB_LANG_ENLARGE" description="PLG_SIGF_FB_LANG_ENLARGE_DESC" />
                <field name="fancybox_image" type="text" default="" hint="PLG_SIGF_FB_IMAGE" label="PLG_SIGF_FB_LANG_IMAGE" description="PLG_SIGF_FB_LANG_IMAGE_DESC" />
                <field name="fancybox_of" type="text" default="" hint="PLG_SIGF_FB_OF" label="PLG_SIGF_FB_LANG_OF" description="PLG_SIGF_FB_LANG_OF_DESC" />
                <field name="fancybox_viewing" type="text" default="" hint="PLG_SIGF_YOU_ARE_VIEWING" label="PLG_SIGF_FB_LANG_VIEWING" description="PLG_SIGF_FB_LANG_VIEWING_DESC" />
                <field type="spacer" name="fancybox_styling_spacer" label="PLG_SIGF_SPACER_FB_STYLING" />
                <field name="fancybox_base_class" type="text" default="" label="PLG_SIGF_FB_BASE_CLASS" description="PLG_SIGF_FB_BASE_CLASS_DESC" />
                <field name="fancybox_slide_class" type="text" default="" label="PLG_SIGF_FB_SLIDE_CLASS" description="PLG_SIGF_FB_SLIDE_CLASS_DESC" />
                <field type="spacer" name="fancybox_experimental_spacer" label="PLG_SIGF_SPACER_FB_EXPERIMENTAL" />
                <field name="fancybox_hide_scrollbar" type="list" default="on" label="PLG_SIGF_FB_HIDE_SCROLLBAR" description="PLG_SIGF_FB_HIDE_SCROLLBAR_DESC">
                    <option value="on">PLG_SIGF_FB_HIDE_SCROLLBAR_OPT_ON</option>
                    <option value="off">PLG_SIGF_FB_HIDE_SCROLLBAR_OPT_OFF</option>
                </field>
            </fieldset>
        </fields>
    </config>
    <!-- Files -->
    <files folder="plugin" destination="sigf">
        <filename plugin="sigf">sigf.php</filename>
        <filename plugin="sigf">sigf.xml</filename>
        <folder>sigf</folder>
    </files>
    <languages folder="plugin">
        <language tag="en-GB">language/en-GB/en-GB.plg_content_sigf.ini</language>
        <language tag="en-GB">language/en-GB/en-GB.plg_content_sigf.sys.ini</language>
        <language tag="de-DE">language/de-DE/de-DE.plg_content_sigf.ini</language>
        <language tag="de-DE">language/de-DE/de-DE.plg_content_sigf.sys.ini</language>
    </languages>
    <updateservers>
        <server type="extension" priority="1" name="Simple Image Gallery Fork">https://update.gantryprojects.com/sigf/sigf.xml</server>
    </updateservers>
</extension>
