<?xml version="1.0" encoding="utf-8"?>
<extension version="2.5" type="plugin" group="content" method="upgrade">
    <name>Simple Image Gallery Fork</name>
    <author>Andreas Kar</author>
    <authorEmail>andreas.kar@gmx.at</authorEmail>
    <copyright>Copyright © 2020 Andreas Kar. All rights reserved.</copyright>
    <creationDate>27.01.2020</creationDate>
    <license>https://www.gnu.org/licenses/gpl.html GNU/GPL</license>
    <version>4.2.0</version>
    <description>PLG_SIGF_XML_DESC</description>
    <!-- Parameters -->
    <config>
        <fields name="params">
            <fieldset name="basic">
                <field type="spacer" name="main_spacer" label="PLG_SIGF_SPACER_MAIN" />
                <field name="show_copyright" type="list" default="on" label="PLG_SIGF_SHOW_COPYRIGHT" description="PLG_SIGF_SHOW_COPYRIGHT_DESC">
                    <option value="on">PLG_SIGF_SHOW_COPYRIGHT_OPT_ON</option>
                    <option value="off">PLG_SIGF_SHOW_COPYRIGHT_OPT_OFF</option>
                </field>
                <field name="mootools" type="list" default="on" label="PLG_SIGF_MOOTOOLS" description="PLG_SIGF_MOOTOOLS_DESC">
                    <option value="on">PLG_SIGF_MOOTOOLS_OPT_ON</option>
                    <option value="off">PLG_SIGF_MOOTOOLS_OPT_OFF</option>
                </field>
                <field name="galleries_rootfolder" type="text" default="images" label="PLG_SIGF_ROOTFOLDER" description="PLG_SIGF_ROOTFOLDER_DESC" />
                <field type="spacer" name="thumbnail_spacer" label="PLG_SIGF_SPACER_THUMBNAILS" />
                <field name="thb_width" type="text" default="360" size="3" label="PLG_SIGF_TW" description="PLG_SIGF_TW_DESC" />
                <field name="thb_height" type="text" default="240" size="3" label="PLG_SIGF_TH" description="PLG_SIGF_TH_DESC" />
                <field name="jpg_quality" type="text" default="90" size="3" label="PLG_SIGF_TQ" description="PLG_SIGF_TQ_DESC" />
                <field name="cache_expire_time" type="text" default="86400" size="3" label="PLG_SIGF_TCEXP" description="PLG_SIGF_TCEXP_DESC" />
                <field name="memoryLimit" type="text" default="" size="3" label="PLG_SIGF_ML" description="PLG_SIGF_ML_DESC" />
            </fieldset>
            <fieldset name="fancybox" label="PLG_SIGF_TAB_FB">
                <field type="spacer" name="fancybox_general_spacer" label="PLG_SIGF_SPACER_FB_GENERAL" />
                <field name="fancybox_cdn" type="list" default="on" label="PLG_SIGF_FB_CDN" description="PLG_SIGF_FB_CDN_DESC">
                    <option value="on">PLG_SIGF_FB_CDN_OPT_ON</option>
                    <option value="off">PLG_SIGF_FB_CDN_OPT_OFF</option>
                </field>
                <field name="fancybox_version" type="text" hint="3.5.7" default="3.5.7" label="PLG_SIGF_FB_VERSION" description="PLG_SIGF_FB_VERSION_DESC" />
                <field name="fancybox_image_target" type="list" default="_blank" label="PLG_SIGF_FB_IMAGE_TARGET" description="PLG_SIGF_FB_IMAGE_TARGET_DESC">
                    <option value="_self">PLG_SIGF_FB_IMAGE_TARGET_OPT_SELF</option>
                    <option value="_blank">PLG_SIGF_FB_IMAGE_TARGET_OPT_BLANK</option>
                    <option value="_parent">PLG_SIGF_FB_IMAGE_TARGET_OPT_PARENT</option>
                    <option value="_top">PLG_SIGF_FB_IMAGE_TARGET_OPT_TOP</option>
                </field>
                <field type="spacer" name="fancybox_button_spacer" label="PLG_SIGF_SPACER_FB_BUTTONS" />
                <field name="fancybox_button_slideshow" type="list" default="on" label="PLG_SIGF_FB_BUTTON_SLIDESHOW" description="PLG_SIGF_FB_BUTTON_SLIDESHOW_DESC">
                    <option value="on">PLG_SIGF_FB_BUTTON_SLIDESHOW_OPT_ON</option>
                    <option value="off">PLG_SIGF_FB_BUTTON_SLIDESHOW_OPT_OFF</option>
                </field>
                <field name="fancybox_button_fullscreen" type="list" default="on" label="PLG_SIGF_FB_BUTTON_FULLSCREEN" description="PLG_SIGF_FB_BUTTON_FULLSCREEN_DESC">
                    <option value="on">PLG_SIGF_FB_BUTTON_FULLSCREEN_OPT_ON</option>
                    <option value="off">PLG_SIGF_FB_BUTTON_FULLSCREEN_OPT_OFF</option>
                </field>
                <field name="fancybox_button_thumbs" type="list" default="on" label="PLG_SIGF_FB_BUTTON_THUMBS" description="PLG_SIGF_FB_BUTTON_THUMBS_DESC">
                    <option value="on">PLG_SIGF_FB_BUTTON_THUMBS_OPT_ON</option>
                    <option value="off">PLG_SIGF_FB_BUTTON_THUMBS_OPT_OFF</option>
                </field>
                <field name="fancybox_button_share" type="list" default="on" label="PLG_SIGF_FB_BUTTON_SHARE" description="PLG_SIGF_FB_BUTTON_SHARE_DESC">
                    <option value="on">PLG_SIGF_FB_BUTTON_SHARE_OPT_ON</option>
                    <option value="off">PLG_SIGF_FB_BUTTON_SHARE_OPT_OFF</option>
                </field>
                <field name="fancybox_button_download" type="list" default="on" label="PLG_SIGF_FB_BUTTON_DOWNLOAD" description="PLG_SIGF_FB_BUTTON_DOWNLOAD_DESC">
                    <option value="on">PLG_SIGF_FB_BUTTON_DOWNLOAD_OPT_ON</option>
                    <option value="off">PLG_SIGF_FB_BUTTON_DOWNLOAD_OPT_OFF</option>
                </field>
                <field name="fancybox_button_zoom" type="list" default="off" label="PLG_SIGF_FB_BUTTON_ZOOM" description="PLG_SIGF_FB_BUTTON_ZOOM_DESC">
                    <option value="on">PLG_SIGF_FB_BUTTON_ZOOM_OPT_ON</option>
                    <option value="off">PLG_SIGF_FB_BUTTON_ZOOM_OPT_OFF</option>
                </field>
                <field name="fancybox_button_close" type="list" default="on" label="PLG_SIGF_FB_BUTTON_CLOSE" description="PLG_SIGF_FB_BUTTON_CLOSE_DESC">
                    <option value="on">PLG_SIGF_FB_BUTTON_CLOSE_OPT_ON</option>
                    <option value="off">PLG_SIGF_FB_BUTTON_CLOSE_OPT_OFF</option>
                </field>
                <field type="spacer" name="fancybox_language_spacer" label="PLG_SIGF_SPACER_FB_LABELING" />
                <field name="fancybox_language" type="list" default="en" label="PLG_SIGF_FB_LANG" description="PLG_SIGF_FB_LANG_DESC">
                    <option value="en">PLG_SIGF_FB_LANG_OPT_DEFAULT</option>
                    <option value="xx">PLG_SIGF_FB_LANG_OPT_XX</option>
                </field>
                <field name="fancybox_close" type="text" default="" hint="PLG_SIGF_FB_CLOSE" label="PLG_SIGF_FB_LANG_CLOSE" description="PLG_SIGF_FB_LANG_CLOSE_DESC" />
                <field name="fancybox_next" type="text" default="" hint="PLG_SIGF_FB_NEXT" label="PLG_SIGF_FB_LANG_NEXT" description="PLG_SIGF_FB_LANG_NEXT_DESC" />
                <field name="fancybox_prev" type="text" default="" hint="PLG_SIGF_FB_PREVIOUS" label="PLG_SIGF_FB_LANG_PREV" description="PLG_SIGF_FB_LANG_PREV_DESC" />
                <field name="fancybox_error" type="text" default="" hint="PLG_SIGF_FB_REQUEST_CANNOT_BE_LOADED" label="PLG_SIGF_FB_LANG_ERROR" description="PLG_SIGF_FB_LANG_ERROR_DESC" />
                <field name="fancybox_play_start" type="text" default="" hint="PLG_SIGF_FB_START_SLIDESHOW" label="PLG_SIGF_FB_LANG_PLAY_START" description="PLG_SIGF_FB_LANG_PLAY_START_DESC" />
                <field name="fancybox_play_stop" type="text" default="" hint="PLG_SIGF_FB_PAUSE_SLIDESHOW" label="PLG_SIGF_FB_LANG_PLAY_STOP" description="PLG_SIGF_FB_LANG_PLAY_STOP_DESC" />
                <field name="fancybox_full_screen" type="text" default="" hint="PLG_SIGF_FB_FULL_SCREEN" label="PLG_SIGF_FB_LANG_FULL_SCREEN" description="PLG_SIGF_FB_LANG_FULL_SCREEN_DESC" />
                <field name="fancybox_thumbs" type="text" default="" hint="PLG_SIGF_FB_THUMBS" label="PLG_SIGF_FB_LANG_THUMBS" description="PLG_SIGF_FB_LANG_THUMBS_DESC" />
                <field name="fancybox_download" type="text" default="" hint="PLG_SIGF_FB_DOWNLOAD" label="PLG_SIGF_FB_LANG_DOWNLOAD" description="PLG_SIGF_FB_LANG_DOWNLOAD_DESC" />
                <field name="fancybox_share" type="text" default="" hint="PLG_SIGF_FB_SHARE" label="PLG_SIGF_FB_LANG_SHARE" description="PLG_SIGF_FB_LANG_SHARE_DESC" />
                <field name="fancybox_zoom" type="text" default="" hint="PLG_SIGF_FB_ZOOM" label="PLG_SIGF_FB_LANG_ZOOM" description="PLG_SIGF_FB_LANG_ZOOM_DESC" />
            </fieldset>
        </fields>
    </config>
    <!-- Files -->
    <files folder="plugin" destination="sigf">
        <filename plugin="sigf">sigf.php</filename>
        <filename plugin="sigf">sigf.xml</filename>
        <folder>sigf</folder>
    </files>
    <languages folder="plugin">
        <language tag="en-GB">language/en-GB/en-GB.plg_content_sigf.ini</language>
        <language tag="en-GB">language/en-GB/en-GB.plg_content_sigf.sys.ini</language>
        <language tag="de-DE">language/de-DE/de-DE.plg_content_sigf.ini</language>
        <language tag="de-DE">language/de-DE/de-DE.plg_content_sigf.sys.ini</language>
    </languages>
    <updateservers>
        <server type="extension" priority="1" name="Simple Image Gallery Fork">https://update.gantryprojects.com/sigf/sigf.xml</server>
    </updateservers>
</extension>
